one,three,MW,lambdas,sigmas,q,CALVADOS1,CALVADOS2,CALVADOSCOMcutoff2.1_1,CALVADOSCOMcutoff2.2_1,CALVADOSCOMcutoff2.2_0.08_2,CALVADOS_COM
R,ARG,156.19,0.7307624767517166,0.6559999999999999,1,0.7249915947715212,0.7307624767517166,0.7589864909435864,0.7643351608428453,0.7239861115991394,0.7239861115991394
D,ASP,115.09,0.0416040480605567,0.5579999999999999,-1,0.0291821237763497,0.0416040480605567,0.0935398336589733,0.0374742109797882,0.0362478774303099,0.0362478774303099
N,ASN,114.1,0.4255859009787713,0.568,0,0.4383272997027284,0.4255859009787713,0.3427076941760883,0.3654121768603958,0.3933480306906932,0.3933480306906932
E,GLU,129.11,0.0006935460962935,0.5920000000000001,-1,0.0061002816086497,0.0006935460962935,0.0052580574498328,0.0030508493130607,0.0004249001648764,0.0004249001648764
K,LYS,128.17,0.1790211738990582,0.636,1,0.0586171731586979,0.1790211738990582,0.138053685056481,0.1358548944298399,0.1496886216529347,0.1496886216529347
H,HIS,137.14,0.4663667290557992,0.608,0,0.4651948082346978,0.4663667290557992,0.3545480695987439,0.3583637100192239,0.3943776906364102,0.3943776906364102
Q,GLN,128.13,0.3934318551056041,0.602,0,0.3268188050525212,0.3934318551056041,0.4173755514129194,0.4042634476919207,0.3757176533935436,0.3757176533935436
S,SER,87.08,0.4625416811611541,0.518,0,0.4648570130065605,0.4625416811611541,0.4134107344242144,0.4894322096701394,0.4300312492580285,0.4300312492580285
C,CYS,103.14,0.5615435099141777,0.5479999999999999,0,0.610362354303913,0.5615435099141777,0.567163512177487,0.5719719717403929,0.6046920771578318,0.6046920771578318
G,GLY,57.05,0.7058843733666401,0.45,0,0.7012713677972457,0.7058843733666401,0.7627602702976328,0.6851648730795092,0.7577339104920061,0.7577339104920061
T,THR,101.11,0.3713162976273964,0.562,0,0.5379777613307019,0.3713162976273964,0.2838779242391401,0.1471860683373316,0.2691330872172876,0.2691330872172876
A,ALA,71.07,0.2743297969040348,0.504,0,0.0011162643859539,0.2743297969040348,0.3106460385175323,0.3264657125753935,0.343475205663116,0.343475205663116
M,MET,131.2,0.5308481134337497,0.618,0,0.7458993420826714,0.5308481134337497,0.5130490590562861,0.5683563804768126,0.4863721117290926,0.4863721117290926
Y,TYR,163.18,0.9774611449343455,0.6459999999999999,0,0.9950108229594324,0.9774611449343455,0.9775105126966488,1.0281817076052568,0.966054413875452,0.966054413875452
V,VAL,99.13,0.2083769608174481,0.5860000000000001,0,0.4185006852559869,0.2083769608174481,0.2434518628983608,0.2843971873805443,0.3038375381064787,0.3038375381064787
W,TRP,186.22,0.9893764740371644,0.6779999999999999,0,0.9844235478393932,0.9893764740371644,0.9605604013319756,0.9142179995454424,0.9822612897592212,0.9822612897592212
L,LEU,113.16,0.6440005007782226,0.618,0,0.5563020305733198,0.6440005007782226,0.5853689096066047,0.547263413246193,0.5538992783620846,0.5538992783620846
I,ILE,113.16,0.5423623610671892,0.618,0,0.6075268330845265,0.5423623610671892,0.5691455086876913,0.5354430892496042,0.5084062382552321,0.5084062382552321
P,PRO,97.12,0.3593126576364644,0.5559999999999999,0,0.3729641853599348,0.3593126576364644,0.3487066490882755,0.4016999886553106,0.4045465203056367,0.4045465203056367
F,PHE,147.18,0.8672358982062975,0.636,0,0.9216959832175944,0.8672358982062975,0.9027677233363406,0.9164399703125412,0.8766184616918551,0.8766184616918551
