three,one,MW,lambdas,sigmas,q,lambdas_-1,lambdas_0,lambdas_1,lambdas_2,lambdas_3
ARG,R,156.19,0.7239861115991394,0.656,1.0,0.5,0.5629934649386471,0.6801346314520071,0.7544786457964499,0.7239861115991394
ASP,D,115.09,0.036247877430309945,0.558,-1.0,0.5,0.4507799163196203,0.1677145624579405,0.073149779680404,0.036247877430309945
ASN,N,114.1,0.39334803069069324,0.568,0.0,0.5,0.6195154638221668,0.45225691197275,0.4202850615205684,0.39334803069069324
GLU,E,129.11,0.00042490016487645155,0.592,-1.0,0.5,0.3522414034361766,0.0476379963899146,0.0009687116073935,0.00042490016487645155
LYS,K,128.17,0.14968862165293478,0.636,1.0,0.5,0.5146377124149206,0.2989139602287844,0.1185371742816467,0.14968862165293478
HIS,H,137.14,0.39437769063641026,0.608,0.0,0.5,0.4741837898468174,0.4067962269855528,0.3748782958172544,0.39437769063641026
GLN,Q,128.13,0.3757176533935436,0.602,0.0,0.5,0.3164378694646877,0.3855861095095775,0.4178852851312603,0.3757176533935436
SER,S,87.08,0.4300312492580285,0.518,0.0,0.5,0.5711437161895061,0.6670999797671774,0.4903872077447625,0.4300312492580285
CYS,C,103.14,0.6046920771578318,0.548,0.0,0.5,0.5710221489716528,0.5790110451677157,0.5630977956973947,0.6046920771578318
GLY,G,57.05,0.7577339104920061,0.45,0.0,0.5,0.5920409855778102,0.677473667837311,0.7082499626822764,0.7577339104920061
THR,T,101.11,0.2691330872172876,0.562,0.0,0.5,0.2849632919468608,0.2250434464958627,0.2456233152357105,0.2691330872172876
ALA,A,71.07,0.34347520566311607,0.504,0.0,0.5,0.5623401177255991,0.4330100659893581,0.3307600558635346,0.34347520566311607
MET,M,131.2,0.48637211172909267,0.618,0.0,0.5,0.5332475667766048,0.5836050875379338,0.4961128569475123,0.48637211172909267
TYR,Y,163.18,0.9660544138754521,0.646,0.0,0.5,0.7110670854153843,0.796877117533411,0.9406318263699748,0.9660544138754521
VAL,V,99.13,0.30383753810647873,0.586,0.0,0.5,0.390573943362976,0.3314022458389115,0.289839822208716,0.30383753810647873
TRP,W,186.22,0.9822612897592211,0.678,0.0,0.5,0.7949475770319085,0.9300257189124174,0.9414216651713224,0.9822612897592211
LEU,L,113.16,0.5538992783620846,0.618,0.0,0.5,0.3466319354114296,0.4381003904950055,0.5653353255998551,0.5538992783620846
ILE,I,113.16,0.5084062382552321,0.618,0.0,0.5,0.4640832974652708,0.6093116890377175,0.4841478021245114,0.5084062382552321
PRO,P,97.12,0.40454652030563676,0.556,0.0,0.5,0.4597368854960215,0.4637017968609017,0.3845544067546388,0.40454652030563676
PHE,F,147.18,0.8766184616918551,0.636,0.0,0.5,0.6275823044568044,0.7529640129309184,0.8932812557871307,0.8766184616918551
